timestamp,sensor_id,frecuencia_Hz,tipo_onda,ruido_db,aceleración_g_t-5s,aceleración_g
2025-06-25 12:00:00,S001,1.01,P,34.7,,0.0046
2025-06-25 12:00:05,S001,1.41,S,31.7,0.0046,0.0048
2025-06-25 12:00:10,S001,1.19,S,30.4,0.0048,0.0047
2025-06-25 12:00:15,S001,1.36,P,23.8,0.0047,0.005
2025-06-25 12:00:20,S001,1.21,P,29.8,0.005,0.0057
2025-06-25 12:00:25,S001,1.53,S,33.0,0.0057,0.0063
2025-06-25 12:00:30,S001,1.04,P,31.9,0.0063,0.0065
2025-06-25 12:00:35,S001,1.95,S,38.7,0.0065,0.0078
2025-06-25 12:00:40,S001,1.6,P,32.3,0.0078,0.0076
2025-06-25 12:00:45,S001,1.51,P,28.0,0.0076,0.0065
2025-06-25 12:00:50,S001,1.4,P,34.2,0.0065,0.0068
2025-06-25 12:00:55,S001,1.78,P,41.7,0.0068,0.0066
2025-06-25 12:01:00,S001,0.68,P,27.2,0.0066,0.0087
2025-06-25 12:01:05,S001,1.84,P,45.0,0.0087,0.0082
2025-06-25 12:01:10,S001,2.04,S,32.5,0.0082,0.0059
2025-06-25 12:01:15,S001,2.12,S,40.1,0.0059,0.006
2025-06-25 12:01:20,S001,0.5,P,41.1,0.006,0.0061
2025-06-25 12:01:25,S001,1.53,Surface,30.2,0.0061,0.0068
2025-06-25 12:01:30,S001,1.45,P,26.4,0.0068,0.007
2025-06-25 12:01:35,S001,1.89,S,34.1,0.007,0.006
2025-06-25 12:01:40,S001,1.71,S,27.3,0.006,0.0072
2025-06-25 12:01:45,S001,2.08,S,33.5,0.0072,0.0067
2025-06-25 12:01:50,S001,1.98,P,42.2,0.0067,0.0064
2025-06-25 12:01:55,S001,1.07,S,32.5,0.0064,0.0061
2025-06-25 12:02:00,S001,1.76,S,35.0,0.0061,0.0064
2025-06-25 12:02:05,S001,2.05,P,32.3,0.0064,0.0067
2025-06-25 12:02:10,S001,1.74,S,47.1,0.0067,0.0058
2025-06-25 12:02:15,S001,0.74,P,38.2,0.0058,0.0038
2025-06-25 12:02:20,S001,1.01,Surface,32.1,0.0038,0.0019
2025-06-25 12:02:25,S001,1.5,S,29.4,0.0019,0.003
2025-06-25 12:02:30,S001,1.63,P,38.4,0.003,0.0023
2025-06-25 12:02:35,S001,2.0,P,32.9,0.0023,0.0037
2025-06-25 12:02:40,S001,1.56,P,31.0,0.0037,0.0032
2025-06-25 12:02:45,S001,1.44,S,32.4,0.0032,0.0033
2025-06-25 12:02:50,S001,2.39,Surface,38.5,0.0033,0.0039
2025-06-25 12:02:55,S001,1.79,P,37.6,0.0039,0.0041
2025-06-25 12:03:00,S001,1.64,P,25.8,0.0041,0.0059
2025-06-25 12:03:05,S001,1.98,P,34.1,0.0059,0.0058
2025-06-25 12:03:10,S001,1.3,P,37.9,0.0058,0.0053
2025-06-25 12:03:15,S001,1.19,P,28.4,0.0053,0.005
2025-06-25 12:03:20,S001,1.75,P,39.7,0.005,0.0058
2025-06-25 12:03:25,S001,1.77,P,33.6,0.0058,0.0056
2025-06-25 12:03:30,S001,0.74,S,32.7,0.0056,0.0044
2025-06-25 12:03:35,S001,1.77,P,29.8,0.0044,0.0041
2025-06-25 12:03:40,S001,1.77,P,36.6,0.0041,0.0038
2025-06-25 12:03:45,S001,1.58,P,34.9,0.0038,0.004
2025-06-25 12:03:50,S001,1.23,S,37.5,0.004,0.003
2025-06-25 12:03:55,S001,1.4,P,34.8,0.003,0.003
2025-06-25 12:04:00,S001,1.44,S,33.5,0.003,0.003
2025-06-25 12:04:05,S001,1.77,Surface,30.4,0.003,0.0013
2025-06-25 12:04:10,S001,1.89,P,23.1,0.0013,0.003
2025-06-25 12:04:15,S001,1.9,P,37.0,0.003,0.0018
2025-06-25 12:04:20,S001,2.04,P,32.8,0.0018,0.0017
2025-06-25 12:04:25,S001,1.99,Surface,29.6,0.0017,0.0019
2025-06-25 12:04:30,S001,1.51,S,37.6,0.0019,0.0021
2025-06-25 12:04:35,S001,1.95,S,34.4,0.0021,0.0011
2025-06-25 12:04:40,S001,1.52,P,35.3,0.0011,0.0191
2025-06-25 12:04:45,S001,0.86,P,40.9,0.0191,0.0191
2025-06-25 12:04:50,S001,1.85,P,37.8,0.0191,0.0187
2025-06-25 12:04:55,S001,1.47,P,32.6,0.0187,0.0364
2025-06-25 12:05:00,S001,1.3,S,40.5,0.0364,0.0366
2025-06-25 12:05:05,S001,0.82,P,35.9,0.0366,0.0343
2025-06-25 12:05:10,S001,1.2,P,34.2,0.0343,0.0341
2025-06-25 12:05:15,S001,1.38,P,39.1,0.0341,0.0356
2025-06-25 12:05:20,S001,1.33,P,43.3,0.0356,0.0362
2025-06-25 12:05:25,S001,0.54,S,36.3,0.0362,0.0357
2025-06-25 12:05:30,S001,1.3,P,26.4,0.0357,0.0375
2025-06-25 12:05:35,S001,1.87,S,41.6,0.0375,0.0372
2025-06-25 12:05:40,S001,1.35,Surface,34.3,0.0372,0.0369
2025-06-25 12:05:45,S001,1.03,S,33.9,0.0369,0.038
2025-06-25 12:05:50,S001,1.17,S,42.8,0.038,0.0368
2025-06-25 12:05:55,S001,1.7,Surface,35.5,0.0368,0.0379
2025-06-25 12:06:00,S001,1.81,P,34.3,0.0379,0.0364
2025-06-25 12:06:05,S001,1.71,S,33.7,0.0364,0.0363
2025-06-25 12:06:10,S001,2.01,S,33.7,0.0363,0.0367
2025-06-25 12:06:15,S001,1.42,Surface,29.6,0.0367,0.0367
2025-06-25 12:06:20,S001,1.83,S,27.1,0.0367,0.0388
2025-06-25 12:06:25,S001,1.12,P,32.5,0.0388,0.0379
2025-06-25 12:06:30,S001,1.46,S,33.2,0.0379,0.04
2025-06-25 12:06:35,S001,2.06,S,39.2,0.04,0.0397
2025-06-25 12:06:40,S001,1.47,P,33.2,0.0397,0.04
2025-06-25 12:06:45,S001,1.34,Surface,40.2,0.04,0.0398
2025-06-25 12:06:50,S001,1.12,P,42.3,0.0398,0.0397
2025-06-25 12:06:55,S001,1.93,S,34.8,0.0397,0.0397
2025-06-25 12:07:00,S001,1.64,P,34.1,0.0397,0.0398
2025-06-25 12:07:05,S001,1.78,S,39.6,0.0398,0.0399
2025-06-25 12:07:10,S001,2.15,P,37.4,0.0399,0.041
2025-06-25 12:07:15,S001,1.1,Surface,31.7,0.041,0.0436
2025-06-25 12:07:20,S001,1.55,S,28.0,0.0436,0.0442
2025-06-25 12:07:25,S001,1.92,P,36.4,0.0442,0.0445
2025-06-25 12:07:30,S001,1.32,P,38.6,0.0445,0.0436
2025-06-25 12:07:35,S001,1.07,S,34.1,0.0436,0.043
2025-06-25 12:07:40,S001,1.47,P,36.8,0.043,0.0436
2025-06-25 12:07:45,S001,2.02,S,38.0,0.0436,0.0418
2025-06-25 12:07:50,S001,1.44,S,34.8,0.0418,0.0421
2025-06-25 12:07:55,S001,1.76,Surface,32.2,0.0421,0.0416
2025-06-25 12:08:00,S001,1.42,P,31.6,0.0416,0.0399
2025-06-25 12:08:05,S001,2.04,S,28.9,0.0399,0.0398
2025-06-25 12:08:10,S001,1.04,P,40.9,0.0398,0.0403
2025-06-25 12:08:15,S001,1.1,Surface,34.6,0.0403,0.0394
2025-06-25 12:08:20,S001,2.1,Surface,38.7,0.0394,0.0411
2025-06-25 12:08:25,S001,1.25,P,34.5,0.0411,0.0394
2025-06-25 12:08:30,S001,2.23,P,38.3,0.0394,0.039
2025-06-25 12:08:35,S001,1.09,S,39.7,0.039,0.039
2025-06-25 12:08:40,S001,1.51,S,31.6,0.039,0.0402
2025-06-25 12:08:45,S001,1.71,S,40.2,0.0402,0.0412
2025-06-25 12:08:50,S001,1.81,P,32.3,0.0412,0.0407
2025-06-25 12:08:55,S001,1.71,S,31.6,0.0407,0.0412
2025-06-25 12:09:00,S001,1.67,P,31.7,0.0412,0.0408
2025-06-25 12:09:05,S001,1.54,P,40.6,0.0408,0.0409
2025-06-25 12:09:10,S001,1.66,P,38.9,0.0409,0.0397
2025-06-25 12:09:15,S001,0.85,S,30.7,0.0397,0.0386
2025-06-25 12:09:20,S001,1.78,S,36.4,0.0386,0.0385
2025-06-25 12:09:25,S001,1.67,P,30.2,0.0385,0.0389
2025-06-25 12:09:30,S001,1.68,P,32.1,0.0389,0.0376
2025-06-25 12:09:35,S001,1.42,S,37.2,0.0376,0.0368
2025-06-25 12:09:40,S001,0.96,S,33.8,0.0368,0.0383
2025-06-25 12:09:45,S001,1.45,P,35.9,0.0383,0.0391
2025-06-25 12:09:50,S001,1.52,P,31.3,0.0391,0.0395
2025-06-25 12:09:55,S001,1.62,Surface,44.2,0.0395,0.0413
2025-06-25 12:10:00,S001,1.48,P,37.7,0.0413,0.0412
2025-06-25 12:10:05,S001,1.8,P,32.1,0.0412,0.0421
2025-06-25 12:10:10,S001,1.38,S,35.7,0.0421,0.0418
2025-06-25 12:10:15,S001,2.03,P,31.6,0.0418,0.0419
2025-06-25 12:10:20,S001,2.23,S,39.3,0.0419,0.0395
2025-06-25 12:10:25,S001,1.74,Surface,38.0,0.0395,0.0399
2025-06-25 12:10:30,S001,1.61,S,37.8,0.0399,0.0397
2025-06-25 12:10:35,S001,1.33,S,29.1,0.0397,0.0402
2025-06-25 12:10:40,S001,1.36,S,37.1,0.0402,0.041
2025-06-25 12:10:45,S001,1.65,P,38.1,0.041,0.04
2025-06-25 12:10:50,S001,1.03,P,35.5,0.04,0.0402
2025-06-25 12:10:55,S001,1.04,P,39.7,0.0402,0.041
2025-06-25 12:11:00,S001,1.03,P,40.7,0.041,0.0388
2025-06-25 12:11:05,S001,1.66,P,32.9,0.0388,0.041
2025-06-25 12:11:10,S001,1.99,Surface,37.4,0.041,0.0419
2025-06-25 12:11:15,S001,2.07,S,30.9,0.0419,0.0422
2025-06-25 12:11:20,S001,1.9,P,34.2,0.0422,0.0426
2025-06-25 12:11:25,S001,1.49,S,30.8,0.0426,0.0431
2025-06-25 12:11:30,S001,1.17,P,38.5,0.0431,0.0429
2025-06-25 12:11:35,S001,2.15,S,37.1,0.0429,0.0429
2025-06-25 12:11:40,S001,1.56,P,34.5,0.0429,0.0432
2025-06-25 12:11:45,S001,1.33,S,21.2,0.0432,0.0462
2025-06-25 12:11:50,S001,1.21,S,34.6,0.0462,0.0448
2025-06-25 12:11:55,S001,1.26,P,41.6,0.0448,0.0422
2025-06-25 12:12:00,S001,1.32,S,34.9,0.0422,0.0433
2025-06-25 12:12:05,S001,0.99,S,34.8,0.0433,0.043
2025-06-25 12:12:10,S001,1.48,S,29.4,0.043,0.0437
2025-06-25 12:12:15,S001,1.54,P,33.0,0.0437,0.0441
2025-06-25 12:12:20,S001,1.6,P,33.2,0.0441,0.046
2025-06-25 12:12:25,S001,1.31,S,34.9,0.046,0.0456
2025-06-25 12:12:30,S001,1.77,S,35.7,0.0456,0.0449
2025-06-25 12:12:35,S001,1.39,S,38.8,0.0449,0.0454
2025-06-25 12:12:40,S001,1.76,P,29.8,0.0454,0.0454
2025-06-25 12:12:45,S001,1.49,P,27.8,0.0454,0.0464
2025-06-25 12:12:50,S001,1.4,P,28.2,0.0464,0.0454
2025-06-25 12:12:55,S001,1.71,P,39.6,0.0454,0.0462
2025-06-25 12:13:00,S001,1.14,S,39.9,0.0462,0.0453
2025-06-25 12:13:05,S001,1.47,S,40.0,0.0453,0.0453
2025-06-25 12:13:10,S001,1.52,P,38.4,0.0453,0.0455
2025-06-25 12:13:15,S001,1.47,P,41.1,0.0455,0.0451
2025-06-25 12:13:20,S001,1.97,P,44.3,0.0451,0.0441
2025-06-25 12:13:25,S001,1.69,P,36.8,0.0441,0.0426
2025-06-25 12:13:30,S001,1.94,S,36.2,0.0426,0.0431
2025-06-25 12:13:35,S001,1.86,S,36.6,0.0431,0.0426
2025-06-25 12:13:40,S001,1.32,P,34.6,0.0426,0.041
2025-06-25 12:13:45,S001,1.44,S,27.1,0.041,0.0389
2025-06-25 12:13:50,S001,1.13,S,41.2,0.0389,0.0401
2025-06-25 12:13:55,S001,1.73,P,35.1,0.0401,0.0415
2025-06-25 12:14:00,S001,1.29,P,40.9,0.0415,0.0427
2025-06-25 12:14:05,S001,1.61,Surface,40.3,0.0427,0.0431
2025-06-25 12:14:10,S001,1.09,P,38.8,0.0431,0.0433
2025-06-25 12:14:15,S001,2.29,P,35.4,0.0433,0.0436
2025-06-25 12:14:20,S001,1.3,P,30.6,0.0436,0.0444
2025-06-25 12:14:25,S001,1.71,Surface,39.7,0.0444,0.0435
2025-06-25 12:14:30,S001,0.5,P,35.0,0.0435,0.044
2025-06-25 12:14:35,S001,1.71,P,32.9,0.044,0.0442
2025-06-25 12:14:40,S001,1.96,S,31.5,0.0442,0.0418
2025-06-25 12:14:45,S001,1.56,S,40.4,0.0418,0.0442
2025-06-25 12:14:50,S001,1.84,P,41.7,0.0442,0.0441
2025-06-25 12:14:55,S001,1.61,P,42.8,0.0441,0.0441
2025-06-25 12:15:00,S001,1.85,P,40.6,0.0441,0.0435
2025-06-25 12:15:05,S001,1.67,S,34.8,0.0435,0.0414
2025-06-25 12:15:10,S001,1.38,S,40.6,0.0414,0.0408
2025-06-25 12:15:15,S001,0.97,P,32.8,0.0408,0.0396
2025-06-25 12:15:20,S001,1.42,S,34.4,0.0396,0.0395
2025-06-25 12:15:25,S001,1.51,P,33.7,0.0395,0.0403
2025-06-25 12:15:30,S001,1.58,P,32.9,0.0403,0.0413
2025-06-25 12:15:35,S001,0.96,P,37.8,0.0413,0.0413
2025-06-25 12:15:40,S001,1.05,P,33.2,0.0413,0.0405
2025-06-25 12:15:45,S001,2.3,P,41.1,0.0405,0.0426
2025-06-25 12:15:50,S001,1.51,S,43.0,0.0426,0.0428
2025-06-25 12:15:55,S001,1.77,P,41.8,0.0428,0.0425
2025-06-25 12:16:00,S001,1.29,P,33.6,0.0425,0.0428
2025-06-25 12:16:05,S001,1.23,Surface,35.1,0.0428,0.0405
2025-06-25 12:16:10,S001,2.1,P,39.9,0.0405,0.0415
2025-06-25 12:16:15,S001,1.62,Surface,36.3,0.0415,0.042
2025-06-25 12:16:20,S001,0.59,P,38.5,0.042,0.0427
2025-06-25 12:16:25,S001,0.92,P,34.6,0.0427,0.0443
2025-06-25 12:16:30,S001,2.47,P,33.9,0.0443,0.046
2025-06-25 12:16:35,S001,1.48,P,31.7,0.046,0.0453
2025-06-25 12:16:40,S001,1.42,S,39.5,0.0453,0.0466
2025-06-25 12:16:45,S001,0.81,P,46.7,0.0466,0.0471
2025-06-25 12:16:50,S001,2.25,S,31.3,0.0471,0.0472
2025-06-25 12:16:55,S001,1.23,P,31.0,0.0472,0.0465
2025-06-25 12:17:00,S001,1.34,P,27.5,0.0465,0.0465
2025-06-25 12:17:05,S001,2.11,S,41.1,0.0465,0.046
2025-06-25 12:17:10,S001,1.36,Surface,32.1,0.046,0.0466
2025-06-25 12:17:15,S001,0.98,P,26.3,0.0466,0.0473
2025-06-25 12:17:20,S001,1.58,S,39.2,0.0473,0.048
2025-06-25 12:17:25,S001,1.16,P,36.8,0.048,0.0478
2025-06-25 12:17:30,S001,1.1,P,40.0,0.0478,0.0486
2025-06-25 12:17:35,S001,1.44,P,35.2,0.0486,0.0492
2025-06-25 12:17:40,S001,1.36,P,33.7,0.0492,0.0486
2025-06-25 12:17:45,S001,1.53,P,39.5,0.0486,0.0473
2025-06-25 12:17:50,S001,1.65,P,30.6,0.0473,0.0475
2025-06-25 12:17:55,S001,1.69,S,35.2,0.0475,0.0466
2025-06-25 12:18:00,S001,1.13,S,31.6,0.0466,0.0473
2025-06-25 12:18:05,S001,1.26,S,34.8,0.0473,0.0471
2025-06-25 12:18:10,S001,1.36,Surface,35.2,0.0471,0.0483
2025-06-25 12:18:15,S001,1.23,S,41.3,0.0483,0.0487
2025-06-25 12:18:20,S001,1.45,P,42.2,0.0487,0.0486
2025-06-25 12:18:25,S001,2.2,S,28.7,0.0486,0.0494
2025-06-25 12:18:30,S001,1.36,S,29.1,0.0494,0.0486
2025-06-25 12:18:35,S001,2.03,P,34.8,0.0486,0.0468
2025-06-25 12:18:40,S001,1.79,P,43.1,0.0468,0.0467
2025-06-25 12:18:45,S001,1.78,P,29.3,0.0467,0.0473
2025-06-25 12:18:50,S001,1.71,S,36.4,0.0473,0.048
2025-06-25 12:18:55,S001,1.72,P,29.2,0.048,0.0483
2025-06-25 12:19:00,S001,1.33,S,37.2,0.0483,0.0497
2025-06-25 12:19:05,S001,1.55,S,36.3,0.0497,0.0505
2025-06-25 12:19:10,S001,1.3,P,37.8,0.0505,0.0474
2025-06-25 12:19:15,S001,1.77,S,36.2,0.0474,0.0469
2025-06-25 12:19:20,S001,1.04,P,33.4,0.0469,0.0479
2025-06-25 12:19:25,S001,2.52,S,38.4,0.0479,0.0499
2025-06-25 12:19:30,S001,0.91,Surface,43.3,0.0499,0.0489
2025-06-25 12:19:35,S001,1.04,P,31.2,0.0489,0.0486
2025-06-25 12:19:40,S001,1.78,S,37.2,0.0486,0.0477
2025-06-25 12:19:45,S001,1.54,P,31.0,0.0477,0.0485
2025-06-25 12:19:50,S001,1.55,Surface,32.2,0.0485,0.0476
2025-06-25 12:19:55,S001,1.87,S,34.3,0.0476,0.0476
2025-06-25 12:20:00,S001,1.61,P,34.9,0.0476,0.0477
2025-06-25 12:20:05,S001,1.77,S,38.7,0.0477,0.0495
2025-06-25 12:20:10,S001,1.75,P,40.3,0.0495,0.0493
2025-06-25 12:20:15,S001,1.22,P,36.9,0.0493,0.0498
2025-06-25 12:20:20,S001,1.43,P,34.0,0.0498,0.0495
2025-06-25 12:20:25,S001,1.22,S,34.6,0.0495,0.0494
2025-06-25 12:20:30,S001,1.83,S,36.3,0.0494,0.0494
2025-06-25 12:20:35,S001,0.73,P,31.1,0.0494,0.0501
2025-06-25 12:20:40,S001,1.18,P,38.6,0.0501,0.0505
2025-06-25 12:20:45,S001,0.84,P,37.5,0.0505,0.0501
2025-06-25 12:20:50,S001,1.9,P,29.1,0.0501,0.0495
2025-06-25 12:20:55,S001,1.16,P,37.5,0.0495,0.0499
2025-06-25 12:21:00,S001,1.77,P,28.3,0.0499,0.0493
2025-06-25 12:21:05,S001,1.87,P,37.4,0.0493,0.0505
2025-06-25 12:21:10,S001,2.33,P,31.9,0.0505,0.0529
2025-06-25 12:21:15,S001,1.38,P,43.6,0.0529,0.0533
2025-06-25 12:21:20,S001,1.61,S,28.5,0.0533,0.0536
2025-06-25 12:21:25,S001,1.26,P,40.1,0.0536,0.0519
2025-06-25 12:21:30,S001,1.48,P,30.9,0.0519,0.053
2025-06-25 12:21:35,S001,1.78,P,35.2,0.053,0.0535
2025-06-25 12:21:40,S001,1.71,Surface,44.3,0.0535,0.0533
2025-06-25 12:21:45,S001,1.9,P,29.1,0.0533,0.0552
2025-06-25 12:21:50,S001,1.52,P,37.0,0.0552,0.0546
2025-06-25 12:21:55,S001,1.24,Surface,30.9,0.0546,0.0527
2025-06-25 12:22:00,S001,1.27,Surface,36.9,0.0527,0.0532
2025-06-25 12:22:05,S001,1.55,P,43.3,0.0532,0.0513
2025-06-25 12:22:10,S001,1.4,P,39.2,0.0513,0.0504
2025-06-25 12:22:15,S001,1.63,P,37.2,0.0504,0.05
2025-06-25 12:22:20,S001,1.76,Surface,34.1,0.05,0.0484
2025-06-25 12:22:25,S001,1.83,P,38.8,0.0484,0.0497
2025-06-25 12:22:30,S001,1.78,S,32.7,0.0497,0.0492
2025-06-25 12:22:35,S001,1.32,S,37.2,0.0492,0.0487
2025-06-25 12:22:40,S001,1.6,P,38.3,0.0487,0.0493
2025-06-25 12:22:45,S001,1.46,S,34.4,0.0493,0.0499
2025-06-25 12:22:50,S001,1.61,P,38.3,0.0499,0.0499
2025-06-25 12:22:55,S001,1.43,P,32.2,0.0499,0.0496
2025-06-25 12:23:00,S001,1.19,P,37.5,0.0496,0.0487
2025-06-25 12:23:05,S001,1.34,P,43.1,0.0487,0.0477
2025-06-25 12:23:10,S001,1.14,S,34.1,0.0477,0.047
2025-06-25 12:23:15,S001,1.28,S,36.7,0.047,0.0478
2025-06-25 12:23:20,S001,1.54,Surface,29.3,0.0478,0.0483
2025-06-25 12:23:25,S001,1.96,P,39.1,0.0483,0.0492
2025-06-25 12:23:30,S001,0.97,P,32.3,0.0492,0.0498
2025-06-25 12:23:35,S001,1.9,P,30.1,0.0498,0.0501
2025-06-25 12:23:40,S001,1.33,S,34.9,0.0501,0.0499
2025-06-25 12:23:45,S001,1.39,S,41.9,0.0499,0.0502
2025-06-25 12:23:50,S001,1.41,S,47.5,0.0502,0.0475
2025-06-25 12:23:55,S001,1.51,P,31.0,0.0475,0.0489
2025-06-25 12:24:00,S001,1.43,S,31.2,0.0489,0.0503
2025-06-25 12:24:05,S001,1.9,P,28.5,0.0503,0.0503
2025-06-25 12:24:10,S001,1.43,S,38.6,0.0503,0.0492
2025-06-25 12:24:15,S001,2.23,S,37.1,0.0492,0.0492
2025-06-25 12:24:20,S001,2.55,S,29.7,0.0492,0.05
2025-06-25 12:24:25,S001,2.26,S,34.0,0.05,0.0508
2025-06-25 12:24:30,S001,1.82,P,38.3,0.0508,0.0511
2025-06-25 12:24:35,S001,1.41,S,34.2,0.0511,0.0514
2025-06-25 12:24:40,S001,1.37,P,40.7,0.0514,0.0521
2025-06-25 12:24:45,S001,2.12,P,35.0,0.0521,0.0533
2025-06-25 12:24:50,S001,1.45,P,38.2,0.0533,0.0533
2025-06-25 12:24:55,S001,1.91,P,31.5,0.0533,0.0527
2025-06-25 12:25:00,S001,1.44,P,32.1,0.0527,0.0513
2025-06-25 12:25:05,S001,1.91,S,30.9,0.0513,0.0515
2025-06-25 12:25:10,S001,1.86,P,40.0,0.0515,0.0522
2025-06-25 12:25:15,S001,1.86,P,39.1,0.0522,0.053
2025-06-25 12:25:20,S001,1.18,P,36.2,0.053,0.0551
2025-06-25 12:25:25,S001,1.93,P,35.5,0.0551,0.0565
2025-06-25 12:25:30,S001,1.39,S,33.5,0.0565,0.0567
2025-06-25 12:25:35,S001,0.78,Surface,39.1,0.0567,0.0553
2025-06-25 12:25:40,S001,1.34,P,39.5,0.0553,0.0556
2025-06-25 12:25:45,S001,1.45,P,36.5,0.0556,0.0576
2025-06-25 12:25:50,S001,1.63,S,39.0,0.0576,0.0599
2025-06-25 12:25:55,S001,0.5,P,33.9,0.0599,0.0592
2025-06-25 12:26:00,S001,2.17,S,34.9,0.0592,0.0593
2025-06-25 12:26:05,S001,1.27,S,43.2,0.0593,0.0599
2025-06-25 12:26:10,S001,1.36,P,30.0,0.0599,0.0601
2025-06-25 12:26:15,S001,1.85,P,33.8,0.0601,0.0604
2025-06-25 12:26:20,S001,1.52,P,39.0,0.0604,0.0593
2025-06-25 12:26:25,S001,1.81,P,28.4,0.0593,0.059
2025-06-25 12:26:30,S001,0.9,Surface,33.4,0.059,0.0585
2025-06-25 12:26:35,S001,1.41,Surface,33.3,0.0585,0.0599
2025-06-25 12:26:40,S001,1.69,P,34.1,0.0599,0.0583
2025-06-25 12:26:45,S001,0.76,S,32.3,0.0583,0.0591
2025-06-25 12:26:50,S001,1.07,S,36.1,0.0591,0.0586
2025-06-25 12:26:55,S001,0.91,P,31.0,0.0586,0.058
2025-06-25 12:27:00,S001,1.59,S,38.1,0.058,0.0586
2025-06-25 12:27:05,S001,2.09,P,30.2,0.0586,0.0576
2025-06-25 12:27:10,S001,1.56,S,35.8,0.0576,0.0585
2025-06-25 12:27:15,S001,1.89,P,37.1,0.0585,0.0599
2025-06-25 12:27:20,S001,1.15,S,38.1,0.0599,0.0611
2025-06-25 12:27:25,S001,2.02,P,43.5,0.0611,0.0611
2025-06-25 12:27:30,S001,1.07,S,41.4,0.0611,0.0611
2025-06-25 12:27:35,S001,0.75,S,41.5,0.0611,0.0614
2025-06-25 12:27:40,S001,1.41,P,39.2,0.0614,0.0623
2025-06-25 12:27:45,S001,2.34,P,30.7,0.0623,0.0624
2025-06-25 12:27:50,S001,1.35,P,29.1,0.0624,0.0628
2025-06-25 12:27:55,S001,2.07,Surface,44.7,0.0628,0.0649
2025-06-25 12:28:00,S001,0.5,P,39.6,0.0649,0.065
2025-06-25 12:28:05,S001,0.93,Surface,29.1,0.065,0.0658
2025-06-25 12:28:10,S001,1.86,P,35.8,0.0658,0.0659
2025-06-25 12:28:15,S001,1.36,P,34.6,0.0659,0.066
2025-06-25 12:28:20,S001,1.38,P,29.9,0.066,0.0661
2025-06-25 12:28:25,S001,1.11,P,37.0,0.0661,0.068
2025-06-25 12:28:30,S001,1.88,P,34.2,0.068,0.0677
2025-06-25 12:28:35,S001,1.42,P,34.7,0.0677,0.069
2025-06-25 12:28:40,S001,1.23,P,38.1,0.069,0.0694
2025-06-25 12:28:45,S001,1.19,P,36.0,0.0694,0.0703
2025-06-25 12:28:50,S001,2.23,P,26.5,0.0703,0.0713
2025-06-25 12:28:55,S001,1.97,S,22.4,0.0713,0.0709
2025-06-25 12:29:00,S001,1.62,S,32.6,0.0709,0.0713
2025-06-25 12:29:05,S001,1.31,P,30.8,0.0713,0.0726
2025-06-25 12:29:10,S001,2.24,P,33.0,0.0726,0.0713
2025-06-25 12:29:15,S001,1.9,S,35.4,0.0713,0.0721
2025-06-25 12:29:20,S001,1.85,P,37.2,0.0721,0.0717
2025-06-25 12:29:25,S001,2.4,P,35.1,0.0717,0.0718
2025-06-25 12:29:30,S001,1.69,P,37.4,0.0718,0.0728
2025-06-25 12:29:35,S001,2.16,S,33.4,0.0728,0.0743
2025-06-25 12:29:40,S001,1.05,P,34.3,0.0743,0.0755
2025-06-25 12:29:45,S001,0.91,P,42.2,0.0755,0.076
2025-06-25 12:29:50,S001,1.05,P,35.2,0.076,0.0768
2025-06-25 12:29:55,S001,1.81,P,40.3,0.0768,0.076
2025-06-25 12:30:00,S001,1.09,P,37.3,0.076,0.0758
2025-06-25 12:30:05,S001,1.63,Surface,27.6,0.0758,0.0882
2025-06-25 12:30:10,S001,0.97,P,33.5,0.0882,0.0894
2025-06-25 12:30:15,S001,1.35,S,40.0,0.0894,0.0903
2025-06-25 12:30:20,S001,1.1,S,37.3,0.0903,0.0924
2025-06-25 12:30:25,S001,1.35,P,37.0,0.0924,0.0919
2025-06-25 12:30:30,S001,1.3,P,31.2,0.0919,0.0921
2025-06-25 12:30:35,S001,2.04,P,44.1,0.0921,0.0917
2025-06-25 12:30:40,S001,1.91,S,32.1,0.0917,0.0904
2025-06-25 12:30:45,S001,2.06,P,36.0,0.0904,0.0908
2025-06-25 12:30:50,S001,1.37,P,35.3,0.0908,0.092
2025-06-25 12:30:55,S001,2.05,S,39.9,0.092,0.0911
2025-06-25 12:31:00,S001,1.9,P,26.6,0.0911,0.09
2025-06-25 12:31:05,S001,1.87,S,29.1,0.09,0.089
2025-06-25 12:31:10,S001,1.81,Surface,35.3,0.089,0.0879
2025-06-25 12:31:15,S001,1.61,S,34.2,0.0879,0.0886
2025-06-25 12:31:20,S001,1.51,P,38.9,0.0886,0.088
2025-06-25 12:31:25,S001,1.48,S,35.7,0.088,0.0876
2025-06-25 12:31:30,S001,1.82,P,33.3,0.0876,0.0863
2025-06-25 12:31:35,S001,1.0,S,32.9,0.0863,0.0854
2025-06-25 12:31:40,S001,1.81,P,30.4,0.0854,0.0866
2025-06-25 12:31:45,S001,1.94,P,36.7,0.0866,0.0866
2025-06-25 12:31:50,S001,1.77,P,33.2,0.0866,0.0885
2025-06-25 12:31:55,S001,1.77,P,40.4,0.0885,0.0897
2025-06-25 12:32:00,S001,1.62,S,45.1,0.0897,0.0904
2025-06-25 12:32:05,S001,1.22,P,36.5,0.0904,0.0922
2025-06-25 12:32:10,S001,0.56,P,24.9,0.0922,0.0935
2025-06-25 12:32:15,S001,1.55,P,38.3,0.0935,0.0938
2025-06-25 12:32:20,S001,1.71,S,31.3,0.0938,0.0925
2025-06-25 12:32:25,S001,1.79,P,35.7,0.0925,0.0921
2025-06-25 12:32:30,S001,1.44,S,33.9,0.0921,0.0918
2025-06-25 12:32:35,S001,0.76,P,32.7,0.0918,0.0907
2025-06-25 12:32:40,S001,1.27,S,34.1,0.0907,0.0913
2025-06-25 12:32:45,S001,2.31,P,40.0,0.0913,0.0916
2025-06-25 12:32:50,S001,2.16,P,37.7,0.0916,0.0928
2025-06-25 12:32:55,S001,1.28,P,21.0,0.0928,0.091
2025-06-25 12:33:00,S001,1.21,P,32.5,0.091,0.091
2025-06-25 12:33:05,S001,1.41,S,42.8,0.091,0.0904
2025-06-25 12:33:10,S001,1.74,P,45.1,0.0904,0.0903
2025-06-25 12:33:15,S001,1.09,P,29.8,0.0903,0.0908
2025-06-25 12:33:20,S001,1.17,P,30.5,0.0908,0.0911
2025-06-25 12:33:25,S001,2.34,Surface,45.6,0.0911,0.091
2025-06-25 12:33:30,S001,1.27,P,35.4,0.091,0.0911
2025-06-25 12:33:35,S001,1.45,Surface,38.4,0.0911,0.0921
2025-06-25 12:33:40,S001,1.7,P,34.8,0.0921,0.0932
2025-06-25 12:33:45,S001,0.95,P,38.2,0.0932,0.0943
2025-06-25 12:33:50,S001,1.07,Surface,28.9,0.0943,0.0924
2025-06-25 12:33:55,S001,1.39,P,33.0,0.0924,0.0925
2025-06-25 12:34:00,S001,2.12,P,38.4,0.0925,0.0922
2025-06-25 12:34:05,S001,1.33,P,33.0,0.0922,0.0916
2025-06-25 12:34:10,S001,1.16,P,35.3,0.0916,0.0935
2025-06-25 12:34:15,S001,1.31,P,35.1,0.0935,0.0923
2025-06-25 12:34:20,S001,1.48,P,37.9,0.0923,0.0906
2025-06-25 12:34:25,S001,1.54,S,35.6,0.0906,0.089
2025-06-25 12:34:30,S001,1.69,P,34.9,0.089,0.0886
2025-06-25 12:34:35,S001,1.49,S,39.8,0.0886,0.0893
2025-06-25 12:34:40,S001,1.13,P,39.1,0.0893,0.0895
2025-06-25 12:34:45,S001,2.34,Surface,34.4,0.0895,0.0895
2025-06-25 12:34:50,S001,1.61,P,32.9,0.0895,0.0887
2025-06-25 12:34:55,S001,0.88,Surface,27.9,0.0887,0.0893
2025-06-25 12:35:00,S001,1.28,P,26.0,0.0893,0.0884
2025-06-25 12:35:05,S001,1.93,P,33.4,0.0884,0.0906
2025-06-25 12:35:10,S001,1.35,P,30.5,0.0906,0.0905
2025-06-25 12:35:15,S001,1.33,Surface,36.5,0.0905,0.0911
2025-06-25 12:35:20,S001,1.6,S,32.3,0.0911,0.0896
2025-06-25 12:35:25,S001,1.46,P,39.3,0.0896,0.0895
2025-06-25 12:35:30,S001,1.64,S,38.3,0.0895,0.0905
2025-06-25 12:35:35,S001,1.27,S,32.0,0.0905,0.091
2025-06-25 12:35:40,S001,0.5,P,43.9,0.091,0.0911
2025-06-25 12:35:45,S001,1.59,S,42.7,0.0911,0.0902
2025-06-25 12:35:50,S001,1.3,P,29.5,0.0902,0.0896
2025-06-25 12:35:55,S001,1.2,P,41.2,0.0896,0.0897
2025-06-25 12:36:00,S001,1.19,S,31.5,0.0897,0.0914
2025-06-25 12:36:05,S001,1.7,P,35.8,0.0914,0.0898
2025-06-25 12:36:10,S001,2.0,S,25.8,0.0898,0.0898
2025-06-25 12:36:15,S001,1.23,S,46.4,0.0898,0.0906
2025-06-25 12:36:20,S001,2.0,S,39.0,0.0906,0.1129
2025-06-25 12:36:25,S001,1.4,Surface,41.9,0.1129,0.1137
2025-06-25 12:36:30,S001,1.43,S,38.7,0.1137,0.1134
2025-06-25 12:36:35,S001,1.25,S,43.6,0.1134,0.1124
2025-06-25 12:36:40,S001,1.09,S,30.2,0.1124,0.1143
2025-06-25 12:36:45,S001,1.65,P,42.8,0.1143,0.1131
2025-06-25 12:36:50,S001,1.64,S,37.5,0.1131,0.1119
2025-06-25 12:36:55,S001,1.67,S,40.8,0.1119,0.1103
2025-06-25 12:37:00,S001,2.46,S,31.3,0.1103,0.1083
2025-06-25 12:37:05,S001,1.74,P,33.5,0.1083,0.1236
2025-06-25 12:37:10,S001,1.53,P,35.4,0.1236,0.1232
2025-06-25 12:37:15,S001,1.52,P,32.2,0.1232,0.1228
2025-06-25 12:37:20,S001,1.63,P,43.9,0.1228,0.1226
2025-06-25 12:37:25,S001,2.11,S,31.5,0.1226,0.1232
2025-06-25 12:37:30,S001,1.49,P,31.0,0.1232,0.1225
2025-06-25 12:37:35,S001,1.83,P,40.4,0.1225,0.12
2025-06-25 12:37:40,S001,1.02,P,30.8,0.12,0.1192
2025-06-25 12:37:45,S001,0.7,S,30.0,0.1192,0.1197
2025-06-25 12:37:50,S001,1.68,P,35.3,0.1197,0.12
2025-06-25 12:37:55,S001,1.42,S,30.7,0.12,0.1196
2025-06-25 12:38:00,S001,1.59,S,34.6,0.1196,0.1199
2025-06-25 12:38:05,S001,0.9,P,36.6,0.1199,0.1193
2025-06-25 12:38:10,S001,1.44,P,37.3,0.1193,0.1201
2025-06-25 12:38:15,S001,1.36,P,35.2,0.1201,0.1189
2025-06-25 12:38:20,S001,1.6,P,33.4,0.1189,0.1189
2025-06-25 12:38:25,S001,1.47,P,36.4,0.1189,0.1199
2025-06-25 12:38:30,S001,1.0,P,36.7,0.1199,0.1186
2025-06-25 12:38:35,S001,1.65,S,35.3,0.1186,0.1177
2025-06-25 12:38:40,S001,1.94,P,41.6,0.1177,0.1177
2025-06-25 12:38:45,S001,2.61,P,31.2,0.1177,0.1169
2025-06-25 12:38:50,S001,1.61,P,31.0,0.1169,0.1171
2025-06-25 12:38:55,S001,1.28,P,42.4,0.1171,0.1159
2025-06-25 12:39:00,S001,1.21,P,30.2,0.1159,0.1167
2025-06-25 12:39:05,S001,1.83,S,39.9,0.1167,0.1161
2025-06-25 12:39:10,S001,2.0,P,31.4,0.1161,0.1171
2025-06-25 12:39:15,S001,1.4,P,40.2,0.1171,0.1197
2025-06-25 12:39:20,S001,1.66,P,33.6,0.1197,0.1174
2025-06-25 12:39:25,S001,1.71,S,29.5,0.1174,0.1188
2025-06-25 12:39:30,S001,1.56,S,29.4,0.1188,0.1185
2025-06-25 12:39:35,S001,1.2,P,32.1,0.1185,0.1189
2025-06-25 12:39:40,S001,1.44,Surface,28.4,0.1189,0.1196
2025-06-25 12:39:45,S001,1.66,S,38.4,0.1196,0.1198
2025-06-25 12:39:50,S001,1.45,P,35.4,0.1198,0.1182
2025-06-25 12:39:55,S001,1.44,S,42.3,0.1182,0.1188
2025-06-25 12:40:00,S001,2.14,S,39.5,0.1188,0.1183
2025-06-25 12:40:05,S001,0.83,P,35.2,0.1183,0.1194
2025-06-25 12:40:10,S001,1.78,P,30.3,0.1194,0.1179
2025-06-25 12:40:15,S001,1.36,P,32.6,0.1179,0.1197
2025-06-25 12:40:20,S001,1.35,Surface,32.5,0.1197,0.1207
2025-06-25 12:40:25,S001,0.97,P,39.0,0.1207,0.1227
2025-06-25 12:40:30,S001,1.47,P,32.6,0.1227,0.1221
2025-06-25 12:40:35,S001,1.89,S,33.8,0.1221,0.1215
2025-06-25 12:40:40,S001,1.87,P,46.3,0.1215,0.1219
2025-06-25 12:40:45,S001,1.64,S,41.1,0.1219,0.1207
2025-06-25 12:40:50,S001,1.29,P,37.6,0.1207,0.1197
2025-06-25 12:40:55,S001,1.0,S,32.8,0.1197,0.1188
2025-06-25 12:41:00,S001,1.27,Surface,29.2,0.1188,0.1204
2025-06-25 12:41:05,S001,1.32,S,35.3,0.1204,0.1321
2025-06-25 12:41:10,S001,1.22,P,34.7,0.1321,0.1316
2025-06-25 12:41:15,S001,1.23,P,39.2,0.1316,0.1316
2025-06-25 12:41:20,S001,0.8,S,36.7,0.1316,0.1316
2025-06-25 12:41:25,S001,1.79,P,36.2,0.1316,0.1317
2025-06-25 12:41:30,S001,2.36,P,40.1,0.1317,0.1327
2025-06-25 12:41:35,S001,1.85,P,34.5,0.1327,0.1342
2025-06-25 12:41:40,S001,1.97,Surface,35.9,0.1342,0.1347
2025-06-25 12:41:45,S001,1.94,P,29.2,0.1347,0.1357
2025-06-25 12:41:50,S001,1.51,S,38.4,0.1357,0.1341
2025-06-25 12:41:55,S001,1.39,P,34.2,0.1341,0.1333
2025-06-25 12:42:00,S001,1.33,Surface,35.4,0.1333,0.1347
2025-06-25 12:42:05,S001,0.7,P,37.1,0.1347,0.1347
2025-06-25 12:42:10,S001,1.28,P,44.2,0.1347,0.1352
2025-06-25 12:42:15,S001,1.07,P,27.9,0.1352,0.1353
2025-06-25 12:42:20,S001,1.98,P,42.2,0.1353,0.1354
2025-06-25 12:42:25,S001,0.76,S,25.1,0.1354,0.1345
2025-06-25 12:42:30,S001,2.06,S,40.7,0.1345,0.134
2025-06-25 12:42:35,S001,1.69,P,28.7,0.134,0.1344
2025-06-25 12:42:40,S001,1.61,P,40.5,0.1344,0.1353
2025-06-25 12:42:45,S001,1.72,S,31.5,0.1353,0.1345
2025-06-25 12:42:50,S001,1.41,P,40.7,0.1345,0.1329
2025-06-25 12:42:55,S001,2.03,P,35.4,0.1329,0.133
2025-06-25 12:43:00,S001,1.7,Surface,34.2,0.133,0.1338
2025-06-25 12:43:05,S001,2.17,P,42.5,0.1338,0.1301
2025-06-25 12:43:10,S001,1.64,P,40.1,0.1301,0.1318
2025-06-25 12:43:15,S001,1.59,P,31.1,0.1318,0.1312
2025-06-25 12:43:20,S001,1.62,S,30.1,0.1312,0.133
2025-06-25 12:43:25,S001,1.38,P,20.0,0.133,0.1332
2025-06-25 12:43:30,S001,1.24,S,23.6,0.1332,0.1318
2025-06-25 12:43:35,S001,2.14,S,32.1,0.1318,0.1307
2025-06-25 12:43:40,S001,1.78,S,30.7,0.1307,0.1328
2025-06-25 12:43:45,S001,1.1,S,36.4,0.1328,0.1331
2025-06-25 12:43:50,S001,0.96,P,31.2,0.1331,0.1332
2025-06-25 12:43:55,S001,1.02,P,34.2,0.1332,0.1328
2025-06-25 12:44:00,S001,0.87,S,20.0,0.1328,0.1331
2025-06-25 12:44:05,S001,1.52,P,33.9,0.1331,0.1325
2025-06-25 12:44:10,S001,1.16,P,31.6,0.1325,0.1317
2025-06-25 12:44:15,S001,2.02,P,22.8,0.1317,0.1321
2025-06-25 12:44:20,S001,1.4,P,40.6,0.1321,0.1315
2025-06-25 12:44:25,S001,1.29,P,29.4,0.1315,0.1307
2025-06-25 12:44:30,S001,1.6,P,33.0,0.1307,0.1315
2025-06-25 12:44:35,S001,1.81,P,35.2,0.1315,0.1312
2025-06-25 12:44:40,S001,1.34,P,35.7,0.1312,0.1319
2025-06-25 12:44:45,S001,1.09,S,31.8,0.1319,0.1323
2025-06-25 12:44:50,S001,1.17,S,30.1,0.1323,0.1337
2025-06-25 12:44:55,S001,1.37,S,34.8,0.1337,0.134
2025-06-25 12:45:00,S001,0.91,P,30.1,0.134,0.134
2025-06-25 12:45:05,S001,1.61,P,44.8,0.134,0.1353
2025-06-25 12:45:10,S001,0.99,S,37.0,0.1353,0.1351
2025-06-25 12:45:15,S001,1.39,P,34.8,0.1351,0.1345
2025-06-25 12:45:20,S001,1.86,P,28.2,0.1345,0.1344
2025-06-25 12:45:25,S001,1.93,P,40.4,0.1344,0.134
2025-06-25 12:45:30,S001,1.34,P,35.6,0.134,0.1364
2025-06-25 12:45:35,S001,1.24,P,37.2,0.1364,0.1367
2025-06-25 12:45:40,S001,1.33,P,41.8,0.1367,0.1395
2025-06-25 12:45:45,S001,1.82,P,39.5,0.1395,0.1402
2025-06-25 12:45:50,S001,1.32,P,33.3,0.1402,0.1417
2025-06-25 12:45:55,S001,1.67,P,37.7,0.1417,0.1412
2025-06-25 12:46:00,S001,1.99,P,34.6,0.1412,0.1404
2025-06-25 12:46:05,S001,1.5,S,35.2,0.1404,0.1404
2025-06-25 12:46:10,S001,1.36,Surface,39.0,0.1404,0.1398
2025-06-25 12:46:15,S001,1.58,P,32.9,0.1398,0.1415
2025-06-25 12:46:20,S001,1.13,S,36.6,0.1415,0.1406
2025-06-25 12:46:25,S001,1.69,P,42.2,0.1406,0.142
2025-06-25 12:46:30,S001,1.02,P,30.2,0.142,0.1424
2025-06-25 12:46:35,S001,1.28,P,39.0,0.1424,0.1431
2025-06-25 12:46:40,S001,1.52,P,41.9,0.1431,0.1426
2025-06-25 12:46:45,S001,1.9,Surface,32.1,0.1426,0.1423
2025-06-25 12:46:50,S001,2.06,S,36.9,0.1423,0.142
2025-06-25 12:46:55,S001,1.34,P,31.5,0.142,0.1437
2025-06-25 12:47:00,S001,1.4,P,28.6,0.1437,0.1428
2025-06-25 12:47:05,S001,1.77,P,41.4,0.1428,0.1446
2025-06-25 12:47:10,S001,1.85,P,35.5,0.1446,0.1436
2025-06-25 12:47:15,S001,1.59,P,38.5,0.1436,0.1442
2025-06-25 12:47:20,S001,1.39,S,34.3,0.1442,0.1432
2025-06-25 12:47:25,S001,2.46,P,31.3,0.1432,0.1427
2025-06-25 12:47:30,S001,0.72,P,44.9,0.1427,0.1667
2025-06-25 12:47:35,S001,1.73,P,25.7,0.1667,0.1684
2025-06-25 12:47:40,S001,1.76,P,32.9,0.1684,0.168
2025-06-25 12:47:45,S001,2.03,P,34.7,0.168,0.1675
2025-06-25 12:47:50,S001,1.45,S,40.3,0.1675,0.1661
2025-06-25 12:47:55,S001,1.7,S,36.8,0.1661,0.166
2025-06-25 12:48:00,S001,1.3,P,37.6,0.166,0.166
2025-06-25 12:48:05,S001,1.9,P,27.5,0.166,0.1666
2025-06-25 12:48:10,S001,1.34,P,34.0,0.1666,0.1682
2025-06-25 12:48:15,S001,0.89,S,38.9,0.1682,0.1662
2025-06-25 12:48:20,S001,1.72,S,41.5,0.1662,0.1671
2025-06-25 12:48:25,S001,1.92,P,45.4,0.1671,0.1667
2025-06-25 12:48:30,S001,1.52,S,38.1,0.1667,0.1669
2025-06-25 12:48:35,S001,1.44,P,35.9,0.1669,0.1675
2025-06-25 12:48:40,S001,1.79,S,34.3,0.1675,0.1671
2025-06-25 12:48:45,S001,1.46,Surface,32.0,0.1671,0.1682
2025-06-25 12:48:50,S001,1.59,S,38.6,0.1682,0.1673
2025-06-25 12:48:55,S001,1.47,S,35.9,0.1673,0.1695
2025-06-25 12:49:00,S001,1.55,S,37.0,0.1695,0.1675
2025-06-25 12:49:05,S001,1.41,P,38.9,0.1675,0.1679
2025-06-25 12:49:10,S001,2.11,P,34.8,0.1679,0.1679
2025-06-25 12:49:15,S001,1.69,P,33.6,0.1679,0.1702
2025-06-25 12:49:20,S001,1.68,P,35.5,0.1702,0.1701
2025-06-25 12:49:25,S001,1.56,P,34.2,0.1701,0.171
2025-06-25 12:49:30,S001,1.47,P,37.3,0.171,0.1725
2025-06-25 12:49:35,S001,1.86,S,42.4,0.1725,0.1717
2025-06-25 12:49:40,S001,1.4,P,39.2,0.1717,0.172
2025-06-25 12:49:45,S001,1.73,P,31.8,0.172,0.1724
2025-06-25 12:49:50,S001,1.56,P,39.0,0.1724,0.1737
2025-06-25 12:49:55,S001,1.1,P,39.3,0.1737,0.1744
2025-06-25 12:50:00,S001,1.83,S,41.9,0.1744,0.1734
2025-06-25 12:50:05,S001,0.99,P,43.6,0.1734,0.1726
2025-06-25 12:50:10,S001,1.49,P,31.4,0.1726,0.1723
2025-06-25 12:50:15,S001,1.35,S,36.7,0.1723,0.1721
2025-06-25 12:50:20,S001,1.72,P,32.1,0.1721,0.1727
2025-06-25 12:50:25,S001,1.9,S,34.8,0.1727,0.1728
2025-06-25 12:50:30,S001,1.06,Surface,39.3,0.1728,0.173
2025-06-25 12:50:35,S001,1.53,P,32.0,0.173,0.1737
2025-06-25 12:50:40,S001,1.91,P,30.1,0.1737,0.1717
2025-06-25 12:50:45,S001,1.0,Surface,31.3,0.1717,0.1724
2025-06-25 12:50:50,S001,2.45,P,36.2,0.1724,0.1732
2025-06-25 12:50:55,S001,0.88,P,29.7,0.1732,0.1735
2025-06-25 12:51:00,S001,1.58,P,35.7,0.1735,0.1734
2025-06-25 12:51:05,S001,1.3,P,37.7,0.1734,0.1735
2025-06-25 12:51:10,S001,1.59,P,27.4,0.1735,0.172
2025-06-25 12:51:15,S001,0.9,S,35.5,0.172,0.1719
2025-06-25 12:51:20,S001,1.73,P,34.2,0.1719,0.1711
2025-06-25 12:51:25,S001,1.81,P,33.4,0.1711,0.1708
2025-06-25 12:51:30,S001,1.14,S,41.5,0.1708,0.1702
2025-06-25 12:51:35,S001,1.77,P,36.8,0.1702,0.1692
2025-06-25 12:51:40,S001,1.3,P,31.3,0.1692,0.1689
2025-06-25 12:51:45,S001,1.23,P,35.4,0.1689,0.1699
2025-06-25 12:51:50,S001,1.43,Surface,35.5,0.1699,0.169
2025-06-25 12:51:55,S001,1.7,S,31.5,0.169,0.1689
2025-06-25 12:52:00,S001,1.77,P,39.4,0.1689,0.1696
2025-06-25 12:52:05,S001,1.61,S,37.2,0.1696,0.1697
2025-06-25 12:52:10,S001,0.65,S,39.0,0.1697,0.1708
2025-06-25 12:52:15,S001,1.0,Surface,33.7,0.1708,0.1705
2025-06-25 12:52:20,S001,1.53,P,33.1,0.1705,0.17
2025-06-25 12:52:25,S001,0.99,S,38.1,0.17,0.1706
2025-06-25 12:52:30,S001,1.94,S,35.6,0.1706,0.1711
2025-06-25 12:52:35,S001,1.98,S,36.5,0.1711,0.1712
2025-06-25 12:52:40,S001,1.55,P,33.2,0.1712,0.1714
2025-06-25 12:52:45,S001,2.0,Surface,30.5,0.1714,0.1714
2025-06-25 12:52:50,S001,1.14,P,39.1,0.1714,0.1726
2025-06-25 12:52:55,S001,1.86,P,32.5,0.1726,0.1739
2025-06-25 12:53:00,S001,1.74,Surface,33.3,0.1739,0.1729
2025-06-25 12:53:05,S001,1.81,P,35.6,0.1729,0.174
2025-06-25 12:53:10,S001,1.79,Surface,43.4,0.174,0.176
2025-06-25 12:53:15,S001,1.65,Surface,35.4,0.176,0.1767
2025-06-25 12:53:20,S001,0.98,P,22.4,0.1767,0.1766
2025-06-25 12:53:25,S001,2.21,S,39.7,0.1766,0.1764
2025-06-25 12:53:30,S001,1.12,Surface,37.3,0.1764,0.1749
2025-06-25 12:53:35,S001,1.21,S,30.9,0.1749,0.1757
2025-06-25 12:53:40,S001,1.27,P,25.2,0.1757,0.1766
2025-06-25 12:53:45,S001,2.11,P,30.4,0.1766,0.1745
2025-06-25 12:53:50,S001,1.28,S,27.6,0.1745,0.175
2025-06-25 12:53:55,S001,1.84,P,30.6,0.175,0.1752
2025-06-25 12:54:00,S001,1.33,P,30.8,0.1752,0.1743
2025-06-25 12:54:05,S001,1.37,P,40.4,0.1743,0.1724
2025-06-25 12:54:10,S001,1.53,P,32.5,0.1724,0.1729
2025-06-25 12:54:15,S001,1.35,P,23.1,0.1729,0.1735
2025-06-25 12:54:20,S001,1.23,S,32.3,0.1735,0.172
2025-06-25 12:54:25,S001,1.72,P,36.9,0.172,0.1711
2025-06-25 12:54:30,S001,2.46,P,29.7,0.1711,0.1707
2025-06-25 12:54:35,S001,0.8,P,38.0,0.1707,0.1699
2025-06-25 12:54:40,S001,0.63,P,32.9,0.1699,0.17
2025-06-25 12:54:45,S001,1.33,P,37.4,0.17,0.1686
2025-06-25 12:54:50,S001,1.04,P,29.7,0.1686,0.1689
2025-06-25 12:54:55,S001,2.09,P,33.4,0.1689,0.1681
2025-06-25 12:55:00,S001,2.18,S,29.0,0.1681,0.1658
2025-06-25 12:55:05,S001,1.46,S,46.8,0.1658,0.1665
2025-06-25 12:55:10,S001,1.61,P,41.0,0.1665,0.1823
2025-06-25 12:55:15,S001,2.11,S,37.1,0.1823,0.1823
2025-06-25 12:55:20,S001,1.81,P,40.9,0.1823,0.182
2025-06-25 12:55:25,S001,1.61,S,35.2,0.182,0.1836
2025-06-25 12:55:30,S001,2.34,Surface,37.8,0.1836,0.1824
2025-06-25 12:55:35,S001,1.09,P,35.8,0.1824,0.1828
2025-06-25 12:55:40,S001,1.4,P,34.4,0.1828,0.1816
2025-06-25 12:55:45,S001,1.84,P,32.5,0.1816,0.1812
2025-06-25 12:55:50,S001,1.71,P,37.0,0.1812,0.1808
2025-06-25 12:55:55,S001,1.85,S,32.3,0.1808,0.1802
2025-06-25 12:56:00,S001,0.95,S,36.4,0.1802,0.181
2025-06-25 12:56:05,S001,1.43,P,34.1,0.181,0.1813
2025-06-25 12:56:10,S001,1.05,Surface,37.8,0.1813,0.1824
2025-06-25 12:56:15,S001,1.96,S,31.5,0.1824,0.1827
2025-06-25 12:56:20,S001,1.83,P,38.8,0.1827,0.1823
2025-06-25 12:56:25,S001,1.52,P,40.4,0.1823,0.1818
2025-06-25 12:56:30,S001,1.16,P,30.8,0.1818,0.183
2025-06-25 12:56:35,S001,1.48,P,33.6,0.183,0.1833
2025-06-25 12:56:40,S001,1.62,S,26.5,0.1833,0.1833
2025-06-25 12:56:45,S001,1.7,P,30.9,0.1833,0.1823
2025-06-25 12:56:50,S001,1.16,P,40.8,0.1823,0.184
2025-06-25 12:56:55,S001,1.31,P,29.9,0.184,0.1837
2025-06-25 12:57:00,S001,1.18,P,40.8,0.1837,0.1832
2025-06-25 12:57:05,S001,1.3,S,39.7,0.1832,0.1815
2025-06-25 12:57:10,S001,1.44,P,45.3,0.1815,0.1815
2025-06-25 12:57:15,S001,1.36,S,33.6,0.1815,0.1817
2025-06-25 12:57:20,S001,1.25,S,35.0,0.1817,0.1828
2025-06-25 12:57:25,S001,1.82,S,31.0,0.1828,0.1823
2025-06-25 12:57:30,S001,2.21,P,43.2,0.1823,0.1807
2025-06-25 12:57:35,S001,2.08,Surface,44.1,0.1807,0.1796
2025-06-25 12:57:40,S001,1.87,P,35.5,0.1796,0.1792
2025-06-25 12:57:45,S001,2.06,P,36.3,0.1792,0.18
2025-06-25 12:57:50,S001,1.03,P,29.3,0.18,0.1806
2025-06-25 12:57:55,S001,0.74,P,36.3,0.1806,0.1811
2025-06-25 12:58:00,S001,1.5,Surface,34.6,0.1811,0.1819
2025-06-25 12:58:05,S001,1.07,P,43.9,0.1819,0.1837
2025-06-25 12:58:10,S001,1.42,S,31.4,0.1837,0.1827
2025-06-25 12:58:15,S001,1.67,Surface,38.8,0.1827,0.1819
2025-06-25 12:58:20,S001,1.46,P,34.5,0.1819,0.1841
2025-06-25 12:58:25,S001,1.61,P,36.3,0.1841,0.1847
2025-06-25 12:58:30,S001,1.23,S,28.9,0.1847,0.1868
2025-06-25 12:58:35,S001,1.32,P,33.0,0.1868,0.1868
2025-06-25 12:58:40,S001,1.78,S,37.9,0.1868,0.1845
2025-06-25 12:58:45,S001,1.68,S,32.6,0.1845,0.1847
2025-06-25 12:58:50,S001,2.11,S,36.9,0.1847,0.1847
2025-06-25 12:58:55,S001,1.64,P,28.4,0.1847,0.1849
2025-06-25 12:59:00,S001,1.94,S,36.1,0.1849,0.1845
2025-06-25 12:59:05,S001,1.65,P,36.7,0.1845,0.1847
2025-06-25 12:59:10,S001,1.47,P,34.3,0.1847,0.1835
2025-06-25 12:59:15,S001,0.8,S,37.4,0.1835,0.1816
2025-06-25 12:59:20,S001,1.62,P,35.2,0.1816,0.1819
2025-06-25 12:59:25,S001,1.7,P,43.2,0.1819,0.1829
2025-06-25 12:59:30,S001,1.73,S,40.6,0.1829,0.1827
2025-06-25 12:59:35,S001,1.46,P,37.1,0.1827,0.1827
2025-06-25 12:59:40,S001,1.93,S,29.5,0.1827,0.182
2025-06-25 12:59:45,S001,1.59,P,33.0,0.182,0.1821
2025-06-25 12:59:50,S001,1.3,P,36.7,0.1821,0.183
2025-06-25 12:59:55,S001,1.65,P,35.4,0.183,0.182
